{
  "antibiotic": [
    21.872280296937234,
    12.84048043393237
  ],
  "exposure": [
    20.847855204521895,
    25.39186660405541
  ],
  "studies": [
    31.77832535923557,
    -4.9879392086455585
  ],
  "examined": [
    33.7292836647324,
    26.594416226652633
  ],
  "cohort": [
    16.868167573932837,
    4.969460664535148
  ],
  "early": [
    42.44216897218198,
    14.939998446630879
  ],
  "prenatal": [
    3.9459414001525577,
    24.33504119418099
  ],
  "childhood": [
    36.814744199179096,
    9.186024002989196
  ],
  "autism": [
    45.30118080347072,
    -14.77524815625873
  ],
  "factor": [
    8.658395706768985,
    -5.171462206291455
  ],
  "risk": [
    17.908577576763367,
    -13.993299280817373
  ],
  "study": [
    11.364207753079633,
    63.287703790688546
  ],
  "disorders": [
    66.594435312888,
    -45.42537013444888
  ],
  "types": [
    22.63086995399368,
    45.84286608196859
  ],
  "wimberley": [
    37.69284824502964,
    56.433586736499585
  ],
  "assessed": [
    44.53689602283841,
    45.129385718181155
  ],
  "et": [
    27.310457527519823,
    58.45122447076181
  ],
  "al": [
    2.8987531664774004,
    42.535550567788114
  ],
  "large": [
    -19.809278059687013,
    -5.7985823868352435
  ],
  "populations": [
    -20.10114263767207,
    18.719886456151038
  ],
  "performed": [
    -8.544911617700766,
    10.266436932879827
  ],
  "overlapping": [
    -6.735341827028039,
    -4.421458037579857
  ],
  "spectrum": [
    74.35209473617861,
    -49.65004252445069
  ],
  "danish": [
    -0.7332119997796374,
    -27.75835949937614
  ],
  "life": [
    99.59952675410005,
    -32.12663883184135
  ],
  "involving": [
    -4.405670024070265,
    96.32430538772131
  ],
  "evidence": [
    77.56698520625035,
    -78.71975003696704
  ],
  "observational": [
    68.97539656638429,
    -75.99598621125494
  ],
  "reviewed": [
    77.561736916741,
    -68.82845124878072
  ],
  "systematically": [
    85.43294348825074,
    -72.34126650006354
  ],
  "age": [
    65.14672909028498,
    97.45167557488215
  ],
  "online": [
    -85.68362806614324,
    414.4034034643328
  ],
  "published": [
    -84.10381651841988,
    417.865557946121
  ],
  "original": [
    366.84798873444316,
    110.33923809542895
  ],
  "paper": [
    366.02688963704816,
    112.24268331713918
  ],
  "review": [
    -306.7613864566719,
    -107.98625669050665
  ],
  "systematic": [
    -308.83288635029675,
    -107.92910182917903
  ],
  "sawanti": [
    122.34233589465687,
    -423.09901039014426
  ],
  "working": [
    119.67232896821115,
    -425.2781194991815
  ],
  "spacy": [
    -305.29035402405793,
    -189.9130922780005
  ],
  "summary": [
    -307.93463015165946,
    -189.02042958837188
  ],
  "taken": [
    -161.27873425881228,
    -280.1644171250039
  ],
  "years": [
    -161.99254303358074,
    -278.2195539014001
  ],
  "group": [
    123.61823446623146,
    -428.51483149459193
  ],
  "higher": [
    132.9907691938609,
    -430.9320893103017
  ],
  "https": [
    113.05169147275986,
    -427.2667344241911
  ],
  "nificantly": [
    133.78486877675257,
    -427.34291834012964
  ],
  "hamad": [
    313.13293502793283,
    -177.5441643637391
  ],
  "mahmud": [
    312.62474974684307,
    -179.55385833029112
  ],
  "hania": [
    432.59636574037694,
    -45.473331005818565
  ],
  "jan": [
    429.90962548280817,
    -42.77785147615462
  ],
  "ruth": [
    433.5827324103066,
    -41.792805937583594
  ],
  "june": [
    -87.896486718899,
    417.4954543988353
  ],
  "lord": [
    -122.8014796092146,
    -403.9280638901406
  ],
  "mean": [
    -127.31087666696227,
    -398.3376258299812
  ],
  "niehus": [
    -127.8503808887472,
    -403.3785586829024
  ],
  "number": [
    -122.26162900364689,
    -398.88672024625555
  ],
  "ntlk": [
    -311.1101757654933,
    -187.8016785274727
  ],
  "asd": [
    -7.2121587329145855,
    102.0493078127103
  ],
  "children": [
    -12.371430165428873,
    112.89673260905442
  ],
  "associations": [
    70.22844809468053,
    -61.28692731663362
  ],
  "antibiotics": [
    108.40790581414268,
    -32.95252527860134
  ]
}